{"cameraMode":{"drawMode":0,"name":"Shaded","section":"Shading Mode"},"sceneLighting":true,"audioPlay":false,"sceneViewState":{"m_AlwaysRefresh":false,"showFog":true,"showSkybox":true,"showFlares":true,"showImageEffects":true,"showParticleSystems":true,"showVisualEffectGraphs":true,"m_FxEnabled":true},"in2DMode":false,"pivot":{"x":20.011259078979493,"y":17.929981231689454,"z":8.629166603088379},"rotation":{"x":-0.049289390444755557,"y":-0.14125370979309083,"z":0.0070419530384242538,"w":-0.9887332916259766},"size":45.1203498840332,"orthographic":false}